,avg,stddev
0,-0.9593187699947071,1.033396832247627
